id,name,href,type,year,company_id,success,filetype
2c4da21e-2191-44d9-a2b9-e519d8f38aaa,A.P. Moeller-Maersk Annual Report 2010,https://investor.maersk.com/system/files-encrypted/nasdaq_kms/assets/2013/02/21/4-43-54/100154_AR2010_UK.pdf,AR,2010,4e2266f6-6bc9-469f-bfa0-344873b81fc6,0,NA
35f64a49-50b8-41ba-8859-76f56d4ce345,A.P. Moeller-Maersk Annual Report 2011,https://investor.maersk.com/system/files-encrypted/nasdaq_kms/assets/2012/06/14/4-30-52/Group_Annual_Report_2011_UK.pdf,AR,2011,4e2266f6-6bc9-469f-bfa0-344873b81fc6,0,NA
0ed54f35-eeaf-429d-af74-b49f7ebc2e52,A.P. Moeller-Maersk Annual Report 2012,https://investor.maersk.com/static-files/1fc944a5-7344-4639-9609-7ddafc9ff453,AR,2012,4e2266f6-6bc9-469f-bfa0-344873b81fc6,0,NA
1f3958a0-6a74-47eb-8ef3-bf03d7b96680,A.P. Moeller-Maersk Annual Report 2013,https://investor.maersk.com/static-files/f9126c88-9da0-4b11-8960-a70056e5b5d8,AR,2013,4e2266f6-6bc9-469f-bfa0-344873b81fc6,0,NA
21e9466a-e67a-4a84-8653-6d1c37ea47da,A.P. Moeller-Maersk Annual Report 2014,https://investor.maersk.com/static-files/1e2f9f38-c94f-4d8f-9041-dfa6832f8fd0,AR,2014,4e2266f6-6bc9-469f-bfa0-344873b81fc6,0,NA
149ddf8a-dbef-4fc0-924c-59ab8af70c26,A.P. Moeller-Maersk Annual Report 2015,https://investor.maersk.com/static-files/8df75570-85b6-4acf-83b9-7f55f93a8251,AR,2015,4e2266f6-6bc9-469f-bfa0-344873b81fc6,0,NA
3534e26a-7d33-4b7e-a77c-ed1ba1992af8,A.P. Moeller-Maersk Annual Report 2016,https://investor.maersk.com/static-files/24d589cc-a053-4675-a0e1-5dbbf1a463a3,AR,2016,4e2266f6-6bc9-469f-bfa0-344873b81fc6,0,NA
2497eba0-ec04-49b1-b52e-a37aef6cdaf5,A.P. Moeller-Maersk Annual Report 2018,https://investor.maersk.com/static-files/9295e4f7-97f8-4ea7-a503-fe716bf99bef,AR,2018,4e2266f6-6bc9-469f-bfa0-344873b81fc6,0,NA
2297f6df-2553-408b-a9e3-65ec27a04cf8,A.P. Moeller-Maersk Annual Report 2019,https://investor.maersk.com/static-files/984a2b93-0035-40d3-9cae-77161c9a36e0,AR,2019,4e2266f6-6bc9-469f-bfa0-344873b81fc6,0,NA
09a414a8-524a-4bf2-bc48-d5ffd237bd1a,A.P. Moeller-Maersk Annual Report 2020,https://investor.maersk.com/static-files/97a03c29-46a2-4e84-9b7e-12d4ee451361,AR,2020,4e2266f6-6bc9-469f-bfa0-344873b81fc6,0,NA
04e7ed9f-d184-4a80-929d-074826822d77,A.P. Moeller-Maersk Other 2011,https://investor.maersk.com/static-files/cfc3a494-a944-4b93-a42f-f2c1eff6c6c4,Other,2011,4e2266f6-6bc9-469f-bfa0-344873b81fc6,0,NA
351efdff-8f43-43ef-9e62-0d43698bd9a2,A.P. Moeller-Maersk Other 2013,https://investor.maersk.com/system/files-encrypted/nasdaq_kms/assets/2014/02/26/21-08-38/Statutory_corporate_governance_statement_2013.pdf,Other,2013,4e2266f6-6bc9-469f-bfa0-344873b81fc6,0,NA
2af5a909-402a-405a-9f39-0b59689237e0,A.P. Moeller-Maersk Other 2014,https://investor.maersk.com/static-files/709215be-b8b4-4596-9cec-3d3ac65bbbc9,Other,2014,4e2266f6-6bc9-469f-bfa0-344873b81fc6,0,NA
347e5e11-eeec-47cb-8123-df78e2cb7234,A.P. Moeller-Maersk Other 2015,https://investor.maersk.com/static-files/b15c5bd9-d407-4b4b-810f-a175026b75f1,Other,2015,4e2266f6-6bc9-469f-bfa0-344873b81fc6,0,NA
6ac28f94-2216-460e-a591-62eae2114f24,A.P. Moeller-Maersk Other 2016,https://investor.maersk.com/static-files/0f6da732-396b-4702-addf-6e2ccc6aa45b,Other,2016,4e2266f6-6bc9-469f-bfa0-344873b81fc6,0,NA
0fed5a4b-35a4-445d-b96c-8030cd232bb3,A.P. Moeller-Maersk Other 2017,https://investor.maersk.com/system/files-encrypted/nasdaq_kms/assets/2018/04/25/13-40-42/A.P._Moller_-_Maersk_2017_Corporate_Governance_Statement.pdf,Other,2017,4e2266f6-6bc9-469f-bfa0-344873b81fc6,0,NA
00caff6e-c4cc-4e0a-b72d-5d9f7bbe212e,A.P. Moeller-Maersk Other 2018,https://investor.maersk.com/static-files/dc8c007b-f2a9-46aa-a2c3-9debdd988307,Other,2018,4e2266f6-6bc9-469f-bfa0-344873b81fc6,0,NA
48c7d08f-2562-4232-bdb7-8e945c045a82,A.P. Moeller-Maersk Other 2019,https://investor.maersk.com/static-files/333bbb7a-0d30-4556-ac6d-b9c098e60ecb,Other,2019,4e2266f6-6bc9-469f-bfa0-344873b81fc6,0,NA
64c22931-962a-4769-a2db-4269b923562c,A.P. Moeller-Maersk Other 2020,https://investor.maersk.com/static-files/157b66da-c5f4-4521-ae77-0ceec8a8911e,Other,2020,4e2266f6-6bc9-469f-bfa0-344873b81fc6,0,NA
1836612a-d189-4785-9d81-670bb1c470a8,A.P. Moeller-Maersk Other 2021,https://investor.maersk.com/static-files/eb1e131a-dc69-4e79-9318-e7e00d738a82,Other,2021,4e2266f6-6bc9-469f-bfa0-344873b81fc6,0,NA
1a489c78-7c04-4565-af87-9a23113db1b5,A.P. Moeller-Maersk Other 2022,https://investor.maersk.com/static-files/dd5e2f44-8a4d-43a3-93b2-f0493fbb67b2,Other,2022,4e2266f6-6bc9-469f-bfa0-344873b81fc6,0,NA
252cdd59-0c57-483d-bdca-cff91b9dda1d,A.P. Moeller-Maersk Sustainability Report 2016,https://investor.maersk.com/static-files/7a6cdd49-bb0f-4fce-9dda-a1ad593f4d49,SR,2016,4e2266f6-6bc9-469f-bfa0-344873b81fc6,0,NA
0c450f86-e609-4283-88d9-0b02922adcd5,A.P. Moeller-Maersk Sustainability Report 2017,https://investor.maersk.com/static-files/dc707663-8fc9-4a86-a58d-debbf5fb7e51,SR,2017,4e2266f6-6bc9-469f-bfa0-344873b81fc6,0,NA
209c6e1c-57b4-4e63-a54d-97df494da345,A.P. Moeller-Maersk Sustainability Report 2018,https://investor.maersk.com/static-files/57bf2e50-075d-49f2-a94c-129e68e407cc,SR,2018,4e2266f6-6bc9-469f-bfa0-344873b81fc6,0,NA
22121449-ee4f-469e-97c8-053132a3a2ef,A.P. Moeller-Maersk Sustainability Report 2020,https://investor.maersk.com/static-files/76f5d65d-13eb-4604-b9fa-c10bf51d8ff1,SR,2020,4e2266f6-6bc9-469f-bfa0-344873b81fc6,0,NA
0a0fbe85-5258-4de7-8d00-78579b626050,A.P. Moeller-Maersk Sustainability Report 2021,https://investor.maersk.com/static-files/05733bf1-e1db-407c-b6d6-c4b7188f2123,SR,2021,4e2266f6-6bc9-469f-bfa0-344873b81fc6,0,NA
320997e2-c6dc-4976-a458-59189f495e3b,A.P. Moeller-Maersk Sustainability Report 2022,https://investor.maersk.com/static-files/dd2a64f2-8345-4e8c-83bb-59dc91b52702,SR,2022,4e2266f6-6bc9-469f-bfa0-344873b81fc6,0,NA
265a214a-f122-41c2-a90d-f44630c19bd8,A.P. Møller-Mærsk Annual Report 2022,https://investor.maersk.com/static-files/8e9851f1-bcd2-425b-a588-7a39f0c6e302,AR,2022,4e2266f6-6bc9-469f-bfa0-344873b81fc6,0,NA
3a0ded32-906c-439e-821b-545b028e6056,AR DSV 2022,https://investor.dsv.com/static-files/8f2cf6db-36f9-42bd-bf43-2b2c36b9d4fe,AR,2022,7caa374b-1cda-43ec-8d61-0dc428efad31,0,NA
57a7e7cb-4f97-4023-be80-031c6735291a,AR Dassault Systemes 2022,https://investor.3ds.com/static-files/d9a277b2-53aa-4a7c-baec-6ee1d79a9d0e,AR,2022,82c904e7-6884-47e7-8071-90786fcc74c7,0,NA
0978355e-739b-43fa-b970-bae06eb2229e,Accounts and Reports 2022 Fineco Bank,https://images.finecobank.com/docs/pdf/pub/corporate/investors/accounts-and-reports-2022.pdf,AR,2022,c318ba1d-4261-4785-a7a9-b87815e81ce6,0,NA
4823c07d-b10e-4492-bf17-a6fd5543273d,Adidas Sustainability Report 2010,https://www.adidas-group.com/media/filer_public/2013/08/26/adidassr2010_full_en.pdf,SR,2010,6e1a149e-cc86-4a68-a8fd-2d82eeb9823c,0,NA
1be17236-0bcf-440a-ba21-8a05a6d9e253,Adidas Sustainability Report 2013,https://www.adidas-group.com/media/filer_public/2014/04/14/2013_sustainability_progress_report_fair_play_final_en.pdf,SR,2013,6e1a149e-cc86-4a68-a8fd-2d82eeb9823c,0,NA
38a95028-4cac-42d6-b2f7-19770138c20e,Adidas Sustainability Report 2014,https://www.adidas-group.com/media/filer_public/e8/32/e832823b-8585-4e26-8990-07b80e3ae71c/2014_sustainability_report_make_a_difference.pdf,SR,2014,6e1a149e-cc86-4a68-a8fd-2d82eeb9823c,0,NA
0a60d688-9d72-41c0-9a1e-4a300c99fbda,Adidas Sustainability Report 2015,https://www.adidas-group.com/media/filer_public/9c/f3/9cf3db44-b703-4cd0-98c5-28413f272aac/2015_sustainability_progress_report.pdf,SR,2015,6e1a149e-cc86-4a68-a8fd-2d82eeb9823c,0,NA
94ff0a7c-d555-473b-840d-b2dd75efa7fa,Adidas Sustainability Report 2016,https://www.adidas-group.com/media/filer_public/08/7b/087bf055-d8d1-43e3-8adc-7672f2760d9b/2016_adidas_sustainability_progress_report.pdf,SR,2016,6e1a149e-cc86-4a68-a8fd-2d82eeb9823c,0,NA
18df73ac-d625-4679-9d40-68f6e55e439a,Admiral Group Annual Report 2010,https://admiralgroup.co.uk/sites/default/files_public/annual-report/2011/03/2010-full-year-results-annual-report.pdf,AR,2010,0175e243-c24c-42ce-acc6-b5b40bb43080,0,NA
3b4e5706-3f03-45b5-9d44-938540e5b435,Admiral Group Annual Report 2011,https://admiralgroup.co.uk/sites/default/files_public/annual-report/2012/03/2011-full-year-results-annual-report.pdf,AR,2011,0175e243-c24c-42ce-acc6-b5b40bb43080,0,NA
287142d8-e827-4999-9bf8-294dd0211ce2,Admiral Group Annual Report 2013,https://admiralgroup.co.uk/sites/default/files_public/annual-report/2014/03/2013-full-year-results-annual-report.pdf,AR,2013,0175e243-c24c-42ce-acc6-b5b40bb43080,0,NA
1e1279be-3489-4a26-80c7-b004c668f61a,Admiral Group Annual Report 2015,https://admiralgroup.co.uk/sites/default/files_public/annual-report/2016/03/2015-full-year-results-annual-report.pdf,AR,2015,0175e243-c24c-42ce-acc6-b5b40bb43080,0,NA
22ad9e88-a689-452f-96bd-2471f1961431,Admiral Group Annual Report 2016,https://admiralgroup.co.uk/sites/default/files_public/annual-report/2017/03/2016-full-year-results-annual-report.pdf,AR,2016,0175e243-c24c-42ce-acc6-b5b40bb43080,0,NA
323d7e01-66b0-4c4d-b569-bb35fb35b1b4,Admiral Group Annual Report 2017,https://admiralgroup.co.uk/sites/default/files_public/annual-report/2018/02/2017-full-year-results-annual-report.pdf,AR,2017,0175e243-c24c-42ce-acc6-b5b40bb43080,0,NA
5b887181-d496-4b4a-af90-e93223f402f0,Admiral Group Annual Report 2018,https://admiralgroup.co.uk/sites/default/files_public/annual-report/2019/03/2018-full-year-results-annual-report.pdf,AR,2018,0175e243-c24c-42ce-acc6-b5b40bb43080,0,NA
0aa8bd2c-090b-498c-a226-1825e3ee4ce7,Admiral Group Annual Report 2019,https://admiralgroup.co.uk/sites/default/files_public/annual-report/2020/03/2019-full-year-results-annual-report.pdf,AR,2019,0175e243-c24c-42ce-acc6-b5b40bb43080,0,NA
5167230a-c4cc-45cf-874a-1d2df98b4e4c,Admiral Group Annual Report 2020,https://admiralgroup.co.uk/sites/default/files_public/annual-report/2021/03/2020-full-year-results-annual-report.pdf,AR,2020,0175e243-c24c-42ce-acc6-b5b40bb43080,0,NA
38084e28-bfe3-428b-be2c-a71b77efd209,Admiral Group Sustainability Report 2017,https://admiralgroup.co.uk/sites/default/files_public/Admiral%20CSR%20Report%202017.pdf,SR,2017,0175e243-c24c-42ce-acc6-b5b40bb43080,0,NA
8c5461cb-3285-49f8-bd7a-2aea8ba7059a,Admiral Group Sustainability Report 2018,https://admiralgroup.co.uk/sites/default/files_public/CSR%20Report%202018.pdf,SR,2018,0175e243-c24c-42ce-acc6-b5b40bb43080,0,NA
1c30b752-3491-4de1-b67c-239206831945,Admiral Group Sustainability Report 2019,https://admiralgroup.co.uk/sites/default/files_public/CSR%20Report%202019.pdf,SR,2019,0175e243-c24c-42ce-acc6-b5b40bb43080,0,NA
59d7d798-29e1-4fa2-9902-1558928d29a4,Admiral Group Sustainability Report 2020,https://admiralgroup.co.uk/sites/default/files_public/2020%20Sustainability%20Report.pdf,SR,2020,0175e243-c24c-42ce-acc6-b5b40bb43080,0,NA
cf55e1b6-f886-4ddd-9f49-ed36c9707d3b,Admiral Group plc Sustainability Report 2022,https://admiralgroup.co.uk/static-files/9bfa5324-c4cb-47d8-9245-8275f4272496,SR,2022,0175e243-c24c-42ce-acc6-b5b40bb43080,0,NA
0fbf9223-2c57-4668-a289-bca8bb7c1e03,Allegro Annual Report 2022,https://about.allegro.eu/static-files/409c80f3-e69f-4cec-8cfa-7191b1aee1ed,AR,2022,404870d7-f958-47c7-9357-d9564543e619,0,NA
17644fcc-ee2e-4881-a75b-f8f7c4fcd0a0,Allegro Sustainability Report 2020,https://allegro.gcs-web.com/static-files/e1c6f962-8152-4554-81a0-cd9751ede2c6,SR,2020,404870d7-f958-47c7-9357-d9564543e619,0,NA
16aae652-3e02-4b88-b188-31b132d7d0e8,Amadeus_englisch,https://www.amadeus-fire.de/fileadmin/amadeus_fire/berichte/2023/Sustainability_Report_englisch.pdf,SR,2022,26c5bc3e-3df5-4bbb-af90-649d49a649e3,0,NA
93cdb62b-4908-4eee-98c3-835b62933da7,Annual Accounts and Report 2022 Mediobanca,https://www.mediobanca.com/static/upload_new/bil/bilancio_eng-30-6-2022.pdf,AR,2022,4baf8055-9f08-463f-b60a-2f8db8ce3abf,0,NA
2e800f3c-d667-43f6-b78c-050b53e2f9c3,Annual Report,https://ir.tenaris.com/static-files/7c3e8c4f-220a-4a48-9e47-855f79823f11,AR,2022,74f81b8f-6a49-4d87-bf9e-b95ec956059e,0,NA
b8be460d-54e6-4c08-80c4-ebed28b60c17,Annual Report and Accounts 2022 Schroders,https://mybrand.schroders.com/m/1b80ae7c77f220c9/original/Schroders_Annual-Report-and-Accounts_2022.pdf,AR,2022,a905b71b-1117-44c2-99df-b20b67593081,0,NA
bc48581a-1a81-4dac-a8fa-c62e29d865d4,Annual Sustainability Report 2022 Schroders,https://publications.schroders.com/view/119863317/,SR,2022,a905b71b-1117-44c2-99df-b20b67593081,0,NA
c147cefa-384b-4f82-9aeb-8d9a64778796,Annual report 2022 Aedifica,https://aedifica.eu/wp-content/uploads/2023/04/AED_Annual-Report_2022_EN_2023-04-03_WEB.pdf,AR,2022,677c55a4-1632-439c-8cd1-55d10aa58914,0,NA
46c8b9bc-1622-4eb5-a7c1-6826119a87b6,BMW Annual Report 2010,https://www.bmwgroup.com/content/dam/grpw/websites/bmwgroup_com/ir/downloads/en/2010/2010-BMW-Group-Annual-Report.pdf,AR,2010,f8d73fff-d6e5-491d-9045-4610bf905925,0,NA
350761bc-8f88-40a8-b01f-d22ae3350f62,BMW Annual Report 2011,https://www.bmwgroup.com/content/dam/grpw/websites/bmwgroup_com/ir/downloads/en/2011/2011-BMW-Group-Annual-Report.pdf,AR,2011,f8d73fff-d6e5-491d-9045-4610bf905925,0,NA
036cee0b-124f-4801-aba1-036ac3b79cd6,BMW Annual Report 2012,https://www.bmwgroup.com/content/dam/grpw/websites/bmwgroup_com/ir/downloads/en/2012/2012-BMW-Group-Annual-Report.pdf,AR,2012,f8d73fff-d6e5-491d-9045-4610bf905925,0,NA
a2cf09b3-57ed-42f1-9ddf-99c43783e830,BMW Annual Report 2013,https://www.bmwgroup.com/content/dam/grpw/websites/bmwgroup_com/ir/downloads/en/2013/2013-BMW-Group-Annual-Report.pdf,AR,2013,f8d73fff-d6e5-491d-9045-4610bf905925,0,NA
1ab37e20-a5b6-4777-8125-b76a98d73b3a,BMW Annual Report 2014,https://www.bmwgroup.com/content/dam/grpw/websites/bmwgroup_com/ir/downloads/en/2014/2014-BMW-Group-Annual-Report.pdf,AR,2014,f8d73fff-d6e5-491d-9045-4610bf905925,0,NA
291d2610-6ac2-48c9-ba11-a3840e4f9af8,BMW Annual Report 2015,https://www.bmwgroup.com/content/dam/grpw/websites/bmwgroup_com/ir/finanzberichte/pdf/en/12784_GB_2015_en_Finanzbericht.pdf,AR,2015,f8d73fff-d6e5-491d-9045-4610bf905925,0,NA
4abc9b08-cef2-48ad-9983-e876447a38d5,BMW Annual Report 2016,https://www.bmwgroup.com/content/dam/grpw/websites/bmwgroup_com/ir/downloads/en/2017/GB/2016-BMW-Group-Annual-Report.pdf,AR,2016,f8d73fff-d6e5-491d-9045-4610bf905925,0,NA
37beb9da-a4b8-4683-8a35-ff8f8d2b7ffe,BMW Annual Report 2017,https://www.bmwgroup.com/content/dam/grpw/websites/bmwgroup_com/ir/downloads/en/2018/gb/BMW-GB17_en_Finanzbericht_ONLINE.pdf,AR,2017,f8d73fff-d6e5-491d-9045-4610bf905925,0,NA
2af33a5a-85d2-41ed-8739-8d138d30d44b,BMW Annual Report 2018,https://www.bmwgroup.com/content/dam/grpw/websites/bmwgroup_com/ir/downloads/en/2019/gb/BMW-GB18_en_Finanzbericht_190315_ONLINE.pdf,AR,2018,f8d73fff-d6e5-491d-9045-4610bf905925,0,NA
4cefeb16-7566-4a42-8c2c-eab59015cd00,BMW Annual Report 2019,https://www.bmwgroup.com/content/dam/grpw/websites/bmwgroup_com/ir/downloads/en/2020/gb/BMW-GB19_en_Finanzbericht.pdf,AR,2019,f8d73fff-d6e5-491d-9045-4610bf905925,0,NA
f80504b3-ace8-4641-a168-4d58dadc0bae,BMW Annual Report 2021,https://www.bmwgroup.com/content/dam/grpw/websites/bmwgroup_com/ir/downloads/en/2022/bericht/BMW-Group-Report-2021-en.pdf,AR,2021,f8d73fff-d6e5-491d-9045-4610bf905925,0,NA
1a7555df-0a8a-4b5a-a75b-a0d01911be2f,BMW Annual Report 2022 English,https://www.bmwgroup.com/content/dam/grpw/websites/bmwgroup_com/ir/downloads/en/2023/bericht/BMW-Group-Report-2022-en.pdf,AR,2022,f8d73fff-d6e5-491d-9045-4610bf905925,0,NA
45fdfa66-9bf8-4a07-bdbb-fd745a9a5771,BMW Sustainability Report 2012,https://www.bmwgroup.com/content/dam/grpw/websites/bmwgroup_com/responsibility/downloads/en/2012/BMWGroup_SVR2012_ENG_Onlineversion_130513.pdf,SR,2012,f8d73fff-d6e5-491d-9045-4610bf905925,0,NA
34da9648-6f71-4b9b-958c-6544f2099131,BMW Sustainability Report 2014,https://www.bmwgroup.com/content/dam/grpw/websites/bmwgroup_com/responsibility/downloads/en/2014/BMW_Group_SVR2014_EN.pdf,SR,2014,f8d73fff-d6e5-491d-9045-4610bf905925,0,NA
2c22b7b4-03ef-4569-8f42-2d9bb1bb18fa,BMW Sustainability Report 2016,https://www.bmwgroup.com/content/dam/grpw/websites/bmwgroup_com/ir/downloads/en/2016/2016-BMW-Group-Sustainable-Value-Report.pdf,SR,2016,f8d73fff-d6e5-491d-9045-4610bf905925,0,NA
0377ff39-664f-44a1-aa44-bdc1753d4c12,BMW Sustainability Report 2017,https://www.bmwgroup.com/content/dam/grpw/websites/bmwgroup_com/ir/downloads/en/2017/BMW-Group-SustainableValueReport-2017--EN.pdf,SR,2017,f8d73fff-d6e5-491d-9045-4610bf905925,0,NA
31a44a38-0f99-4e9e-974e-7dddc8cea2c2,BMW Sustainability Report 2018,https://www.bmwgroup.com/content/dam/grpw/websites/bmwgroup_com/responsibility/downloads/en/2019/2019-BMW-Group-SVR-2018-Englisch.pdf,SR,2018,f8d73fff-d6e5-491d-9045-4610bf905925,0,NA
710c5230-4608-4a8a-b7b7-f719f288f49b,BP Sustainability Report 2022,https://www.bp.com/content/dam/bp/business-sites/en/global/corporate/pdfs/sustainability/group-reports/bp-sustainability-report-2022.pdf,SR,2022,091062be-33d0-418e-83d2-96e235bdd898,0,NA
2cf190b0-e6de-43b6-a754-bbd6bed779ab,Carnival Annual Report 2011,https://www.carnivalcorp.com/static-files/db14da4e-32c2-4866-8b9b-7dbf9e0a25ad,AR,2011,6709b920-94b1-4b47-b4db-1874bb55d5e9,0,NA
2067eece-bfa4-4282-af2d-599f5c417268,Carnival Annual Report 2012,https://www.carnivalcorp.com/static-files/72a3b0a9-0894-480a-8430-fb9ffe0bcf50,AR,2012,6709b920-94b1-4b47-b4db-1874bb55d5e9,0,NA
15814367-5e9a-4f2b-a97c-3ac765ad10ca,Carnival Annual Report 2013,https://www.carnivalcorp.com/static-files/82038b26-1425-4e58-8bf8-2fce33e80cfc,AR,2013,6709b920-94b1-4b47-b4db-1874bb55d5e9,0,NA
86a8b2e0-30a7-4ada-8d97-8270b403ed0e,Carnival Annual Report 2014,https://www.carnivalcorp.com/static-files/c830832f-1fc1-4cc0-8445-986b8b4ae582,AR,2014,6709b920-94b1-4b47-b4db-1874bb55d5e9,0,NA
486ba9e6-2d23-4ff0-8bbb-19ea01ff3912,Carnival Annual Report 2015,https://www.carnivalcorp.com/static-files/73b8e940-ceaa-41e8-8296-731ea67ab612,AR,2015,6709b920-94b1-4b47-b4db-1874bb55d5e9,0,NA
4a8c5416-8241-46b9-81f2-9eff0623da4e,Carnival Annual Report 2016,https://www.carnivalcorp.com/static-files/a0cb9a3e-b0de-4d1c-adae-105db62e8e02,AR,2016,6709b920-94b1-4b47-b4db-1874bb55d5e9,0,NA
0a4617b7-dafd-4c39-8917-f577f50e4154,Carnival Annual Report 2018,https://www.carnivalcorp.com/static-files/9296f17e-0bbc-4d59-850c-4d59b3fc8c57,AR,2018,6709b920-94b1-4b47-b4db-1874bb55d5e9,0,NA
b1a92672-3a9f-43ae-a696-b40b586c28dd,Carnival Annual Report 2019,https://www.carnivalcorp.com/static-files/9ba84dfd-b96a-486f-8617-34e49820077a,AR,2019,6709b920-94b1-4b47-b4db-1874bb55d5e9,0,NA
36dcf032-5d95-4e0d-b45d-1f9cd077aec4,Carnival Annual Report 2020,https://www.carnivalcorp.com/static-files/48701769-9f2c-48c6-ac4f-4772bad2ff8b,AR,2020,6709b920-94b1-4b47-b4db-1874bb55d5e9,0,NA
89d35025-33ee-4379-af43-baf0eb080055,Climate Finance Report 2022,https://www.santander.com/content/dam/santander-com/en/documentos/informe-anual-de-sostenibilidad/2022/ias-2022-climate-finance-2022-en.pdf,SR,2022,60d014cc-4ae4-4c54-bcbb-315ec5497583,0,NA
70be0b61-a5e0-466b-9095-d8af200f912a,Computacenter Annual Report 2022,https://investors.computacenter.com/static-files/7eb3f1b8-274e-42d6-bfd0-96966d3f9dca,AR,2022,2494ce9a-aebc-4671-b67a-3120eb3f3efd,0,NA
855f8909-9c38-4dd6-b096-80e4e5237296,Consolidated Statement of Non-Financial Information 2022 Bankinter,https://www.bankinter.com/file_source2/webcorporativa/estaticos/pdf/informacion-corporativa/banca-sostenible/informes-anuales/2022_Bankinter_Consolidated_Statement_of_Non_Financial_Information.pdf,SR,2022,057677e7-ba6c-4746-ae00-bcdf33be1c15,0,NA
46f610d4-37ad-48f7-9bc3-b46b2834af85,Credit Suisse Annual Report 2022,https://www.credit-suisse.com/media/assets/corporate/docs/about-us/investor-relations/financial-disclosures/financial-reports/csg-ar-2022-en.pdf,AR,2022,bd586271-dbb1-4080-af3f-6b25e68d6fd8,0,NA
4d563f33-d15d-44f6-8a09-79c10f5e6c47,DSV Annual Report 2010,https://investor.dsv.com/static-files/92b73ab3-0c12-4bfe-838a-bc71b4af3998,AR,2010,7caa374b-1cda-43ec-8d61-0dc428efad31,0,NA
426f0984-6b78-4eea-bd37-5a01d1793a7d,DSV Annual Report 2011,https://investor.dsv.com/static-files/3e6e5b3e-de30-42aa-8601-f942f77108a8,AR,2011,7caa374b-1cda-43ec-8d61-0dc428efad31,0,NA
52a48854-8aa2-4c66-a29b-7bed26975b46,DSV Annual Report 2013,https://investor.dsv.com/static-files/b4bb9e7f-ea15-4382-a8bc-4b0308855259,AR,2013,7caa374b-1cda-43ec-8d61-0dc428efad31,0,NA
2b82c0ed-8add-4489-b4b6-1f02d8922fdd,DSV Annual Report 2020,https://investor.dsv.com/static-files/d19ed6ed-a195-4cbb-b88a-2f1d7fe8117e,AR,2020,7caa374b-1cda-43ec-8d61-0dc428efad31,0,NA
0199be59-3181-46f2-890f-389522a7bc43,Dassault Systèmes Annual Report 2020,https://investor.3ds.com/static-files/f2d2ac2f-9894-4206-b0a0-b05e7f99464d,AR,2020,82c904e7-6884-47e7-8071-90786fcc74c7,0,NA
30157113-0284-47e3-9beb-c22fdffd3ce3,Dassault Systèmes Other 2010,https://investor.3ds.com/static-files/7bae06d1-feb8-4e8b-b723-926ebf2ad786,Other,2010,82c904e7-6884-47e7-8071-90786fcc74c7,0,NA
126a3fd7-4257-468c-be77-72c5c73c31ab,Dassault Systèmes Other 2013,https://investor.3ds.com/static-files/0b5c4192-77cb-48cf-a14d-24f7264318cf,Other,2013,82c904e7-6884-47e7-8071-90786fcc74c7,0,NA
010c73a1-152a-4a1c-8bbb-fa93e64f5e7a,Dassault Systèmes Other 2015,https://investor.3ds.com/system/files-encrypted/nasdaq_kms/assets/2018/10/18/11-18-53/Corporate%20Report%202015.pdf,Other,2015,82c904e7-6884-47e7-8071-90786fcc74c7,0,NA
175f2392-6a3c-448d-8c1c-2d6c3d948193,Dassault Systèmes Other 2016,https://investor.3ds.com/system/files-encrypted/nasdaq_kms/assets/2018/10/18/11-08-38/Corporate%20Report%202016.pdf,Other,2016,82c904e7-6884-47e7-8071-90786fcc74c7,0,NA
8c39a613-392c-4ceb-a39b-44b9e5d61894,Dassault Systèmes Other 2017,https://investor.3ds.com/static-files/3ceba2df-097e-4333-960c-63d9e0c16ea5,Other,2017,82c904e7-6884-47e7-8071-90786fcc74c7,0,NA
2bcb3577-bc4f-42b6-b273-a4e51c4a98d0,Dassault Systèmes Other 2018,https://investor.3ds.com/static-files/bf8b12f5-ee68-458f-ba94-5c066c6121af,Other,2018,82c904e7-6884-47e7-8071-90786fcc74c7,0,NA
27795216-d8da-4919-aec0-7a90d5394092,Dassault Systèmes Other 2019,https://investor.3ds.com/static-files/c27a2065-338c-4e81-a81e-51de5a5cb5ca,Other,2019,82c904e7-6884-47e7-8071-90786fcc74c7,0,NA
0bde7480-1369-416b-94d2-29d65c71bb29,Dassault Systèmes Other 2020,https://investor.3ds.com/static-files/7f92f19a-c221-4f87-a305-0998dfe63dd1,Other,2020,82c904e7-6884-47e7-8071-90786fcc74c7,0,NA
58b7b7ba-f892-4966-983d-d9f2480f1407,Deutsche Post DHL Annual Report 2020,https://www.dpdhl.com/content/dam/dpdhl/en/media-center/investors/documents/annual-reports/DPDHL-2020-Annual-Report.pdf,AR,2020,d9d212fe-866e-40f0-8c75-1965e62be4c6,0,NA
b64a07f7-06f9-40e1-8961-12519ec7edf0,Deutsche Post DHL Annual Report 2022,https://www.dpdhl.com/content/dam/dpdhl/en/media-center/investors/documents/annual-reports/DPDHL-2022-Annual-Report.pdf,AR,2022,d9d212fe-866e-40f0-8c75-1965e62be4c6,0,NA
2feb7df9-4548-403c-87ea-e71ebf82b13a,Deutsche Post DHL Other 2019,https://www.dpdhl.com/content/dam/dpdhl/en/investors/governance/governance-reports/DPDHL_2019_Annual_Report_Corporate_Governance.pdf,Other,2019,d9d212fe-866e-40f0-8c75-1965e62be4c6,0,NA
23f6ec21-d760-42ef-b7a2-5af74559e0aa,Deutsche Post DHL Sustainability Report 2019,https://www.dhl.com/content/dam/dhl/global/core/documents/pdf/sustainability-report.pdf,SR,2019,d9d212fe-866e-40f0-8c75-1965e62be4c6,0,NA
4c61a999-91ab-4f8f-ba42-b3a2c247a08a,Deutsche Post DHL Sustainability Report 2020,https://www.dpdhl.com/content/dam/dpdhl/en/media-center/investors/documents/presentations/2021/DPDHL-ESG-Presentation-2020.pdf,SR,2020,d9d212fe-866e-40f0-8c75-1965e62be4c6,0,NA
5416b92f-c341-4b6c-9354-fd3aac7d7f9a,Dino Management Board Activity Report 2022,https://grupadino.pl/wp-content/uploads/2023/03/Dino-Polska-Management-Boards-Activity-Report-for-2022-.pdf,SR,2022,30bc33d3-8fc5-48e9-ad73-537740e5f93c,0,NA
bcd0fb92-d3fe-4aa0-b014-e052ad5bcb9c,ESG Report 2022,https://www.dufry.com/system/files/2023-03/ESG_Report_2022.pdf,SR,2022,34aad8bd-4de5-4bcc-95f4-99d47a73a005,0,NA
0dcdd1a3-ad91-41f7-9bd0-c690ebfa0d10,Electrolux Annual Report 2010,https://www.electroluxgroup.com/wp-content/uploads/sites/2/2011/03/Electrolux-Annual-Report-2010-Part1-2-English.pdf,AR,2010,fa1f8fee-2fec-446d-a753-530473c28a24,0,NA
64b9da02-ce48-4a89-84d9-c5a5b1d7e1e5,Electrolux Annual Report 2012,https://www.electroluxgroup.com/wp-content/uploads/sites/2/2013/02/Electrolux-Annual-Report-2012.pdf,AR,2012,fa1f8fee-2fec-446d-a753-530473c28a24,0,NA
0897f224-4a05-4ed8-9e0f-757a457beac7,Electrolux Annual Report 2013,https://www.electroluxgroup.com/wp-content/uploads/sites/2/2014/02/Electrolux-Annual-Report-2013.pdf,AR,2013,fa1f8fee-2fec-446d-a753-530473c28a24,0,NA
023474ff-deea-432d-9f3a-54cde6a5b820,Electrolux Annual Report 2014,https://www.electroluxgroup.com/wp-content/uploads/sites/2/2015/02/Electrolux-Annual-Report-2014.pdf,AR,2014,fa1f8fee-2fec-446d-a753-530473c28a24,0,NA
41078ad7-6c3e-4a71-a876-3ef5c92e5f6b,Electrolux Annual Report 2015,https://www.electroluxgroup.com/wp-content/uploads/sites/2/2016/03/Electrolux-Annual-Report-2015.pdf,AR,2015,fa1f8fee-2fec-446d-a753-530473c28a24,0,NA
06cf4b34-8b7f-4ef4-81c0-86df1437aff6,Electrolux Annual Report 2017,https://www.electroluxgroup.com/wp-content/uploads/sites/2/2018/02/electrolux-annual-report-2017.pdf,AR,2017,fa1f8fee-2fec-446d-a753-530473c28a24,0,NA
3242b59e-d903-402b-abee-31dab7f87fb0,Electrolux Annual Report 2019,https://www.electroluxgroup.com/wp-content/uploads/sites/2/2018/12/electrolux-annual-report-2019.pdf,AR,2019,fa1f8fee-2fec-446d-a753-530473c28a24,0,NA
34204c75-8c02-4f32-afb3-f9d287134c3d,Electrolux Annual Report 2020,https://www.electroluxgroup.com/wp-content/uploads/sites/2/2018/12/electrolux-annual-report-2020.pdf,AR,2020,fa1f8fee-2fec-446d-a753-530473c28a24,0,NA
70943c3d-fafe-4177-87c8-ac60072c5437,Electrolux Other 2010,https://www.electroluxgroup.com/wp-content/uploads/sites/2/2011/03/Elux-Corporate-Governance-Report-2010-Eng.pdf,Other,2010,fa1f8fee-2fec-446d-a753-530473c28a24,0,NA
8b353aa2-383f-4385-84f3-a17fb0943ea2,Electrolux Other 2011,https://www.electroluxgroup.com/wp-content/uploads/sites/2/2012/03/Electrolux-Corporate-Governance-Report-2011.pdf,Other,2011,fa1f8fee-2fec-446d-a753-530473c28a24,0,NA
65f60c32-5762-4b73-ac29-52b45a9e4606,Electrolux Other 2012,https://www.electroluxgroup.com/wp-content/uploads/sites/2/2013/02/Electrolux-Corporate-governance-report-2012.pdf,Other,2012,fa1f8fee-2fec-446d-a753-530473c28a24,0,NA
01c7c4fa-d2a6-450f-a3aa-d4bde5ac7903,Electrolux Other 2013,https://www.electroluxgroup.com/wp-content/uploads/sites/2/2014/02/Electrolux-Corporate-Governance-Report-2013.pdf,Other,2013,fa1f8fee-2fec-446d-a753-530473c28a24,0,NA
4497160d-a868-4303-8166-1348d261cb4e,Electrolux Other 2014,https://www.electroluxgroup.com/wp-content/uploads/sites/2/2015/02/Electrolux-Corporate-Governance-Report-2014.pdf,Other,2014,fa1f8fee-2fec-446d-a753-530473c28a24,0,NA
2410c7f8-f6df-4215-b913-a09a4379f732,Electrolux Other 2015,https://www.electroluxgroup.com/wp-content/uploads/sites/2/2016/03/Electrolux-Corporate-Governance-Report-2015.pdf,Other,2015,fa1f8fee-2fec-446d-a753-530473c28a24,0,NA
53799ea6-c2b7-43df-8b34-a2222c7cd13f,Electrolux Other 2016,https://www.electroluxgroup.com/wp-content/uploads/sites/2/2017/02/electrolux-corporate-governance-report-2016.pdf,Other,2016,fa1f8fee-2fec-446d-a753-530473c28a24,0,NA
6626c1b5-e0c4-4a55-bdd0-b4874da1a489,Electrolux Other 2017,https://www.electroluxgroup.com/wp-content/uploads/sites/2/2018/02/electrolux-corporate-governance-report-2017.pdf,Other,2017,fa1f8fee-2fec-446d-a753-530473c28a24,0,NA
39884278-7cde-4910-a454-36b1945cde02,Electrolux Other 2020,https://www.electroluxgroup.com/wp-content/uploads/sites/2/2021/03/corporate-governance-report-2020.pdf,Other,2020,fa1f8fee-2fec-446d-a753-530473c28a24,0,NA
29fbfdb1-e3a8-488e-a5f3-3bbdee29e440,Electrolux Sustainability Report 2013,https://www.electroluxgroup.com/wp-content/uploads/sites/2/2013/09/Electrolux-Sustainability-Matters-2013.pdf,SR,2013,fa1f8fee-2fec-446d-a753-530473c28a24,0,NA
20ffaed6-c9e6-4828-a627-fe7a23c33474,Electrolux Sustainability Report 2015,https://www.electroluxgroup.com/wp-content/uploads/sites/2/2016/04/Electrolux-Sustainability-In-Brief-2015.pdf,SR,2015,fa1f8fee-2fec-446d-a753-530473c28a24,0,NA
62c6d0ba-7f36-45db-87fa-87d4cd72ca0c,Electrolux Sustainability Report 2016,https://www.electroluxgroup.com/wp-content/uploads/sites/2/2017/03/electrolux-sustainability-report-2016-report.pdf,SR,2016,fa1f8fee-2fec-446d-a753-530473c28a24,0,NA
19bddcb8-8ba8-4e1f-ab6c-5ed0c568beea,Electrolux Sustainability Report 2017,https://www.electroluxgroup.com/wp-content/uploads/sites/2/2018/03/electrolux-sustainability-report-2017-b.pdf,SR,2017,fa1f8fee-2fec-446d-a753-530473c28a24,0,NA
6228abc7-cbb7-4530-acbb-aed919820323,Electrolux Sustainability Report 2018,https://www.electroluxgroup.com/wp-content/uploads/sites/2/2019/03/electrolux-sustainability-report-2018.pdf,SR,2018,fa1f8fee-2fec-446d-a753-530473c28a24,0,NA
7374c024-a987-4a59-b8b8-342e343e4cc2,Electrolux Sustainability Report 2019,https://www.electroluxgroup.com/wp-content/uploads/sites/2/2020/04/electrolux-sustainability-report-2019-final.pdf,SR,2019,fa1f8fee-2fec-446d-a753-530473c28a24,0,NA
1e01223b-d0ca-4c12-9268-1ff901f6e84d,Electrolux Sustainability Report 2020,https://www.electroluxgroup.com/wp-content/uploads/sites/2/2021/03/sustainabilityreport-2020.pdf,SR,2020,fa1f8fee-2fec-446d-a753-530473c28a24,0,NA
5160aa1d-ee97-4b85-812b-132aadb87b40,Electrolux Sustainability Report 2022,https://www.electroluxgroup.com/wp-content/uploads/sites/2/2023/03/sustainability-report-2022.pdf,SR,2022,fa1f8fee-2fec-446d-a753-530473c28a24,0,NA
2dd17a1a-d1e1-4684-982b-e56586449313,Engie Sustainability Report 2018,https://engie-eps.com/wp-content/uploads/2019/05/A38821043-v1.0-EPS_Registration-Document-2018-MASTER-ENG_with-Appendix-1.pdf,IR,2018,ab87e8c7-160e-49bb-a46b-790d61004373,0,NA
1ab8ad28-d6ed-4ca2-8d4b-15e199c768af,Engie Sustainability Report 2019,https://engie-eps.com/wp-content/uploads/2020/06/urd-2019-engie-eps-eng-with-annexes.pdf,SR,2019,ab87e8c7-160e-49bb-a46b-790d61004373,0,NA
2105dbf3-adbe-400a-a66c-c978b437324d,Engie Sustainability Report 2020,https://engie-eps.com/wp-content/uploads/2021/04/engie-eps-urd-2020_eng.pdf,SR,2020,ab87e8c7-160e-49bb-a46b-790d61004373,0,NA
8c2b22c6-2dea-4f00-8db7-7911afc91ceb,Evotec Annual Report,https://www.evotec.com/f/f0fdbdbc20b0a98e33b0cad1bf98ca54.pdf,AR,2022,7e4dd271-ecfb-4914-a022-b1723c10b8f6,0,NA
2278d47c-de32-42ca-9ea1-7c63aa4b2a4e,Evotec SR,https://www.evotec.com/f/b7f2b010721e6bfae9eabcbf48cc98b1.pdf,SR,2022,7e4dd271-ecfb-4914-a022-b1723c10b8f6,0,NA
7dde8457-2818-46e0-b1f2-f631a78ac793,Genmab Annual Report 2017,https://ir.genmab.com/static-files/c7cbf49f-a8e7-48e3-aa25-bbd4f593d96a,AR,2017,04b00c87-7d27-4a7f-a503-88f54d86d830,0,NA
3bf886cb-9193-4ec2-9b49-62c07b75e452,Genmab Annual Report 2019,https://ir.genmab.com/static-files/3d726b68-34c3-4af7-9135-ec060e9ab860,AR,2019,04b00c87-7d27-4a7f-a503-88f54d86d830,0,NA
08bfa0fe-9b09-4406-9a09-38dcbaa47281,Genmab Annual Report 2020,https://ir.genmab.com/static-files/9491d368-6f92-4511-b2af-73f96aff7752,AR,2020,04b00c87-7d27-4a7f-a503-88f54d86d830,0,NA
eb625eb5-608f-405f-81b5-f3c1dbb788da,Genmab Annual Report 2021,https://ir.genmab.com/static-files/ac715ea0-08ab-4ad7-9b76-24016c6ea13b,AR,2021,04b00c87-7d27-4a7f-a503-88f54d86d830,0,NA
64440756-8c7d-4d15-88f1-942fed706de9,Genmab Annual Report 2022,https://ir.genmab.com/static-files/bb6fcc28-82cf-4b21-991c-5a7ffa086d40,AR,2022,04b00c87-7d27-4a7f-a503-88f54d86d830,0,NA
31a103e8-4374-40c2-8b47-32f53097f69c,Genmab CR Report 2021,https://ir.genmab.com/static-files/3a18c1bc-d3ee-401f-a721-c01704b23d98,IR,2021,04b00c87-7d27-4a7f-a503-88f54d86d830,0,NA
9b15fa65-65fe-4332-8c76-39d8ecbc5d9d,Genmab Corporate Responsibility Report 2022,https://ir.genmab.com/static-files/72218610-90a6-4fd3-a76a-d4a7c9c6ef01,SR,2022,04b00c87-7d27-4a7f-a503-88f54d86d830,0,NA
d60217be-3501-46e5-8a83-bc806f7d03fe,Human Rights Report 2022,https://assets.ctfassets.net/1u811bvgvthc/DJ2luR6Luk4gy0vpHqXZp/bbae98ca816b61efe381cd8150b9d740/ABN_AMRO_-_Human_Rights_Report_2022.pdf,Other,2022,db993a89-11d3-49af-bcad-b77d723e6aea,0,NA
729042de-53c9-44b3-9993-636117b78f9e,ISS Annual Report 2010,https://inv.issworld.com/static-files/09869092-53ed-4556-bd0b-858642786157,AR,2010,ab1948b9-29ab-4d3b-b400-e8a871195301,0,NA
186e2c65-17a4-4c45-9291-a9deb564009e,ISS Annual Report 2011,https://inv.issworld.com/static-files/3a45057d-f1d1-4d0d-a11a-2b81fd8df464,AR,2011,ab1948b9-29ab-4d3b-b400-e8a871195301,0,NA
b744941f-aef0-464a-a02d-a4badb11964a,ISS Annual Report 2015,https://inv.issworld.com/static-files/6c3f8d3d-a3ef-4729-bf3e-8ed4b82dd8ef,AR,2015,ab1948b9-29ab-4d3b-b400-e8a871195301,0,NA
08db6502-422b-4abc-b8bc-f941f5533998,ISS Annual Report 2016,https://inv.issworld.com/static-files/e4bedd6a-39f7-4dec-a1e2-000eeab7f1e3,AR,2016,ab1948b9-29ab-4d3b-b400-e8a871195301,0,NA
59207d2b-ae70-4320-92eb-91c1107f2a26,ISS Annual Report 2017,https://inv.issworld.com/static-files/81e30996-f88e-4da5-b4bc-47ad611674aa,AR,2017,ab1948b9-29ab-4d3b-b400-e8a871195301,0,NA
ac713fb1-641b-41b7-8060-eae65fc487b4,Integrated Annual Report 2022 Colonial,https://www.inmocolonial.com/sites/default/files/uploaded-files/2023-05/COLONIAL_2022_ENG_web.pdf,AR,2022,d8452387-671d-4520-a8b7-975af6ad8432,0,NA
099be211-8ec3-4d12-90ef-c1dcff6fbcd8,Kingfisher Responsible Business Report 2022/23,https://www.kingfisher.com/content/dam/kingfisher/Corporate/Images/Other/2023/Kingfisher-plc-Responsible-Business-Report-2022-23.pdf.downloadasset.pdf,SR,2022,7accdf45-2e09-46bc-949f-7f2458bb2808,0,NA
0760b6d3-0dfb-46b7-a53f-5b43963dc1a8,Nokia Annual Report 2019,https://www.nokia.com/system/files/2020-03/Nokia%20Form%2020F%202019_0.pdf,AR,2019,999d956d-707e-45ff-8e99-c5859bb759c5,0,NA
ea781073-906b-46c7-8031-36674f9d4f66,Nokia Annual Report 2020,https://www.nokia.com/system/files/2021-03/Nokia_Form_20F_2020.pdf,AR,2020,999d956d-707e-45ff-8e99-c5859bb759c5,0,NA
02f2db4f-3cfc-4a15-9858-1d895f49329a,Nokia CDP Questionaire 2021,https://www.nokia.com/sites/default/files/2023-01/cdp-december-2022-nokia-redacted-responses.pdf,CDP,2021,999d956d-707e-45ff-8e99-c5859bb759c5,0,NA
840ce3c7-74d0-4bdb-b05d-aa29826c4d7b,Nokia ESG - Sustainability report 2022,https://www.nokia.com/system/files/2023-03/nokia-people-and-planet-2022-sustainability-report.pdf,SR,2022,999d956d-707e-45ff-8e99-c5859bb759c5,0,NA
63a91b6d-3554-4c20-bd43-52ec5661d158,Nokia Sustainability Report 2012,https://www.nokia.com/sites/default/files/2018-12/nokia-people-planet-report-2012-pdf.pdf,SR,2012,999d956d-707e-45ff-8e99-c5859bb759c5,0,NA
1720492b-c4cd-4358-b6c5-48defee12cf0,Nokia Sustainability Report 2016,https://www.nokia.com/sites/default/files/2018-12/nokia_people_and_planet_report_2016_5.pdf,SR,2016,999d956d-707e-45ff-8e99-c5859bb759c5,0,NA
132d678e-9604-4ea3-a23d-d2efe9ae4524,Nokia Sustainability Report 2017,https://www.nokia.com/sites/default/files/2018-11/nokia_people_and_planet_report_2017.pdf,SR,2017,999d956d-707e-45ff-8e99-c5859bb759c5,0,NA
267e1805-691d-4d97-b694-ed243d453e5a,Nokia Sustainability Report 2018,https://www.nokia.com/sites/default/files/2019-05/Nokia_People_and_Planet_Report_2018.pdf,SR,2018,999d956d-707e-45ff-8e99-c5859bb759c5,0,NA
f0cdf6c5-48fc-4980-8921-616504ee2e0f,Nokia Sustainability Report 2019,https://www.nokia.com/sites/default/files/2020-03/Nokia_People_and_Planet_Report_2019.pdf,SR,2019,999d956d-707e-45ff-8e99-c5859bb759c5,0,NA
6dba7e23-cc29-4506-93ee-1f739c7baa6e,Nokia Sustainability Report 2020,https://www.nokia.com/sites/default/files/2021-04/Nokia_People_and_Planet_Report_2020.pdf,SR,2020,999d956d-707e-45ff-8e99-c5859bb759c5,0,NA
6e2eab7d-aa53-4562-877f-fc3671827476,Nokia Sustainability Report 2021,https://www.nokia.com/sites/default/files/2022-03/nokia-people-and-planet-2021-sustainability-report.pdf,SR,2021,999d956d-707e-45ff-8e99-c5859bb759c5,0,NA
6f8df71f-4abe-4958-9036-14d2897f28b9,Nokia Sustainability Report 2022,https://www.nokia.com/system/files/2023-03/nokia-people-and-planet-2022-sustainability-report.pdf,SR,2022,999d956d-707e-45ff-8e99-c5859bb759c5,0,NA
0b9fc461-7d19-465a-946a-eafe3f537ec4,Non financial Group Report 2022/23,https://ir-api.eqs.com/media/document/0a35d131-6582-4f15-b3ba-9c1e797d74a0/assets/20230516_NFB_EN.pdf?disposition=inline,SR,2022,0bfcc12f-f3c9-42ff-9f7d-78b9bb69ff6f,0,NA
2f7a5d6c-4743-4ab9-a737-bd22cf3c366a,Norma Group Annual Report 2022,https://reports.normagroup.com/ecomaXL/files/NORMA_Group_SE_AR_2022_EN_.pdf?download=true,AR,2022,4f074493-de1f-4f19-81df-115cbd14a0c6,0,NA
751f0e73-0c68-4f14-b816-8ebad38e6a37,PSP Annual Report 2022,https://www.psp.info/index.php?eID=download&t=f&f=12962&token=e447aad07d717ad23c6bd137cc3b8a3ab29d63a6,AR,2022,6a73a0fe-c635-413a-84f0-d6bc86d98737,0,NA
67ecc7ac-bc24-4d71-a160-4da6bf7b96d0,Partners Group Annual Report 2022,https://www.partnersgroup.com/fileadmin/user_upload/Annual_Report_2022_en_vf.pdf,AR,2022,b73fc892-cd24-4ef0-adaa-7041dd629782,0,NA
7f59d84a-e885-4d80-b109-ccd881107e48,Patrizia sistainability Report 2022,https://www.patrizia.ag/securedl/sdl-eyJ0eXAiOiJKV1QiLCJhbGciOiJIUzI1NiJ9.eyJpYXQiOjE2OTEwNjU1NTMsImV4cCI6MTc1NDEzNzU1MywidXNlciI6MCwiZ3JvdXBzIjpbMCwtMV0sImZpbGUiOiJmaWxlYWRtaW5fc2VjdXJlZC91c2VyX3VwbG9hZC8xX0ZpbmFuY2lhbF9SZXBvcnRpbmcvRllfMjAyMi9FTi8yMDIyX1BhdHJpemlhX1N1c3RhaW5hYmlsaXR5X1JlcG9ydC5wZGYiLCJwYWdlIjoxMDc5fQ.X5qRGsb1PCPdwWnR2sYBUpvH4j2TJwCzkp12-tSozkE/2022_Patrizia_Sustainability_Report.pdf,SR,2022,7eda11b4-1524-4bf9-b82f-4beedd91a04b,0,NA
29e7afb6-7000-4ce2-b83d-a5436666a9aa,RTL Environmental indicators,https://company.rtl.com/export/sites/rtlunited/.galleries/downloads/RTL-Group_GRI-2022.pdf,Other,2022,897a95c4-95a9-474f-933e-158163920df7,0,NA
b7843337-db40-481a-8f4d-3d22fe8a903f,RTL Non-financial Statement,https://company.rtl.com/export/sites/rtlunited/.galleries/downloads/Non-Financial-Information-2020.pdf,IR,2022,897a95c4-95a9-474f-933e-158163920df7,0,NA
08cd1752-7193-4f8c-a0bf-d7006a93f87a,Royal Unibrew Sustainability Report 2010,https://investor.royalunibrew.com/static-files/18331a8f-db38-4e0a-b5b8-14d40242dd9c,SR,2010,fce122a5-d851-464f-8697-292201d7003b,0,NA
b6dba9ba-6615-4cb3-8fda-364201cf7c55,Royal Unibrew Sustainability Report 2012,https://investor.royalunibrew.com/static-files/90761ade-8501-44f4-ac82-96fd5015f291,SR,2012,fce122a5-d851-464f-8697-292201d7003b,0,NA
e5e8b183-30f9-48b7-8aa9-741a662661d2,Royal Unibrew Sustainability Report 2013,https://investor.royalunibrew.com/static-files/efb9e4bf-36d7-4469-a25b-7b7d581ad56b,SR,2013,fce122a5-d851-464f-8697-292201d7003b,0,NA
8e440380-1df2-4003-b858-f3b1cf9948e9,Royal Unibrew Sustainability Report 2014,https://investor.royalunibrew.com/static-files/92eeefeb-128b-4d7c-a45d-fa47d24f22e0,SR,2014,fce122a5-d851-464f-8697-292201d7003b,0,NA
8cc0ec28-c397-4d72-82ed-0371c1a768c7,Royal Unibrew Sustainability Report 2015,https://investor.royalunibrew.com/static-files/0cb5b791-2f7f-49ca-999d-352dd9f29201,SR,2015,fce122a5-d851-464f-8697-292201d7003b,0,NA
864560fb-e80a-4764-9e58-798e64051646,Royal Unibrew Sustainability Report 2016,https://investor.royalunibrew.com/system/files-encrypted/nasdaq_kms/assets/2017/03/08/12-11-17/RU_AR16_UK_print_ENG.pdf,SR,2016,fce122a5-d851-464f-8697-292201d7003b,0,NA
58bd009e-c902-4db1-a553-a58f8d349641,Royal Unibrew Sustainability Report 2019,https://investor.royalunibrew.com/system/files-encrypted/nasdaq_kms/assets/2020/03/10/12-15-25/royalunibrew-ar2019-uk-print-final.pdf,SR,2019,fce122a5-d851-464f-8697-292201d7003b,0,NA
71e3725d-c81a-4a3f-b10b-0c9e7a2f3e9b,Royal Unibrew Sustainability Report 2020,https://investor.royalunibrew.com/system/files-encrypted/nasdaq_kms/assets/2021/03/03/13-09-26/Unibrew_aarsrapport_2020_UK.pdf,SR,2020,fce122a5-d851-464f-8697-292201d7003b,0,NA
790116f4-ce97-4cd2-9ec4-6ba6a6c87921,STM Annual Report 2021,https://investors.st.com/static-files/a26b6184-6317-4e9f-a647-3d77daf9c956,AR,2021,edb6c4ef-4350-4dae-93df-eb3e1cdf4288,0,NA
8ca0f5f0-2355-4406-af4d-4e285da2f21e,STMicroelectronics Annual Report 2022,https://investors.st.com/static-files/db4d90f3-46af-42de-b0b2-023e6b1f3f08,AR,2022,edb6c4ef-4350-4dae-93df-eb3e1cdf4288,0,NA
1fad3c8b-95d7-4acf-bc0c-9a7c8283992f,Sinch Annual Report 2015,https://investors.sinch.com/static-files/8047c657-783a-41cc-94fb-5efc701927f9,AR,2015,350d8b5d-2f2b-4504-8f8e-2bf98892ae64,0,NA
f92f9ea4-70f9-41cc-8c33-8ca06f766f45,Sinch Annual Report 2017,https://investors.sinch.com/static-files/20431ccb-2ff7-4cb7-8b5d-ac64d10c3cd5,AR,2017,350d8b5d-2f2b-4504-8f8e-2bf98892ae64,0,NA
1a753f9a-59f4-40a6-bea6-9026ab005205,Sinch Annual Report 2018,https://investors.sinch.com/static-files/8c5898b7-c25f-43e2-a5cb-d72d8ee76b56,AR,2018,350d8b5d-2f2b-4504-8f8e-2bf98892ae64,0,NA
b5c157b1-adf8-4e7d-9b36-aa25765c67be,Sinch Annual Report 2019,https://investors.sinch.com/static-files/8fd78172-07c6-43e2-b2b8-ceea89d77f20,AR,2019,350d8b5d-2f2b-4504-8f8e-2bf98892ae64,0,NA
dbeec267-07bd-43e7-af2d-e4cbbc7ade62,Sinch Annual Report 2020,https://investors.sinch.com/static-files/34c85e86-c75b-4914-a430-013f8d439265,AR,2020,350d8b5d-2f2b-4504-8f8e-2bf98892ae64,0,NA
3e5a5082-32d1-44af-bad1-2fd230f72e9e,Ströer Sustainability report,https://www.stroeer.de/media/02_downloads/03_nachhaltigkeit/stroeer_sustainabilityreport_2022_en.pdf,SR,2022,89f5f9b4-6b0b-46be-8a2e-22bbc556d7ce,0,NA
590777ef-ed5b-463f-86fa-52a09ec99c80,Sustainability Progress Report 2022,https://corporate.zalando.com/en/our-impact/sustainability/sustainability-reports/sustainability-progress-report-2022,SR,2022,ed780dcf-65dc-4ac3-ad81-353032c95b30,0,NA
606c7e37-8641-4c29-aa2c-4369e6bfd162,Sustainability Report,https://ir.tenaris.com/static-files/807c72f7-d012-433b-ab6d-4a3b1f2e93bd,SR,2022,74f81b8f-6a49-4d87-bf9e-b95ec956059e,0,NA
2f5c5b57-326e-45f8-929b-79917279a4a7,Sustainability Report 2022 Banco BPM,https://gruppo.bancobpm.it/media/dlm_uploads/BBPM_DCNF_2022_ENG_280423.pdf,SR,2022,1f87c1c3-4366-472a-a793-ac759c4c93cc,0,NA
f9bb8b20-b952-43bc-a77d-ee3af2526c50,Sustainability report 2022 abrdn,https://www.abrdn.com/docs?editionId=afb53552-b713-47a1-888b-ef5edb35b776,SR,2022,55f8f1b5-fe20-432f-bba1-79c4c7eab028,0,NA
86443139-672f-4329-93fe-755ea2d74212,TAG Sustainability Report 2022 ENG,https://www.tag-ag.com/fileadmin/content/nachhaltigkeitsberichte/TAG_Immobilien_AG_Sustainability_Report_2022_EN.pdf,SR,2022,09480970-814f-46c6-90a1-21743e2de595,0,NA
96750be9-d672-4b81-8840-8c3221763a7e,Tenaris Annual Report 2010,https://ir.tenaris.com/static-files/8ee9d2dc-a838-4d1d-99b4-fa88db6e5bad,AR,2010,74f81b8f-6a49-4d87-bf9e-b95ec956059e,0,NA
7e9c32ad-f7b2-4d45-ba4e-6e12037b2c20,Tenaris Annual Report 2011,https://ir.tenaris.com/static-files/f98c1383-db25-443e-b639-d325a85aaf5a,AR,2011,74f81b8f-6a49-4d87-bf9e-b95ec956059e,0,NA
3b9dde94-b7e2-4f68-99bc-eff9e869c2f2,Tenaris Annual Report 2014,https://ir.tenaris.com/static-files/689f1b97-fa71-493e-962b-393935cecbd7,AR,2014,74f81b8f-6a49-4d87-bf9e-b95ec956059e,0,NA
1ce400b7-f149-4d25-8929-7dd7845cea13,Tenaris Annual Report 2015,https://ir.tenaris.com/static-files/2a716952-c3c3-4ca6-a436-72d9efb5c816,AR,2015,74f81b8f-6a49-4d87-bf9e-b95ec956059e,0,NA
5406a4ed-2ba1-4d73-8d84-c5728a8fc142,Tenaris Annual Report 2017,https://ir.tenaris.com/static-files/bec7b8de-a08a-45f7-bc8b-a602a42c3587,AR,2017,74f81b8f-6a49-4d87-bf9e-b95ec956059e,0,NA
507e61e3-8f50-45b5-9643-e25326af6321,Tenaris Annual Report 2018,https://ir.tenaris.com/static-files/5bb58984-b0b9-4cd8-bcb9-195410de81ad,AR,2018,74f81b8f-6a49-4d87-bf9e-b95ec956059e,0,NA
7d149717-47a5-4564-9c04-2d3dae79ddba,Tenaris Annual Report 2019,https://ir.tenaris.com/static-files/0a6a5cb3-b3be-4871-b713-0a285bb3254a,AR,2019,74f81b8f-6a49-4d87-bf9e-b95ec956059e,0,NA
7c2097da-7c1c-43ef-a60b-6260022b7637,Tenaris Annual Report 2020,https://ir.tenaris.com/static-files/65757837-8451-4107-a86c-8f653d9e7870,AR,2020,74f81b8f-6a49-4d87-bf9e-b95ec956059e,0,NA
fa20c78a-0704-400d-929c-dc3d991038a4,Tenaris Sustainability Report 2010,https://ir.tenaris.com/static-files/0acc0c4b-a583-4c9a-918b-5f94a12caa00,SR,2010,74f81b8f-6a49-4d87-bf9e-b95ec956059e,0,NA
3479a5c1-176b-4df1-b46e-c7afe0846f5c,Tenaris Sustainability Report 2011,https://ir.tenaris.com/static-files/844b4f90-c9cc-4d4e-81fd-aae5dce4df39,SR,2011,74f81b8f-6a49-4d87-bf9e-b95ec956059e,0,NA
d6ead485-23cb-41b0-af01-d9d05d872f83,Tenaris Sustainability Report 2015,https://ir.tenaris.com/static-files/6a177732-f657-4bde-b034-abb6870030de,SR,2015,74f81b8f-6a49-4d87-bf9e-b95ec956059e,0,NA
305aa62c-bd4a-4e23-b3ef-c41fc2ae218f,Tenaris Sustainability Report 2016,https://ir.tenaris.com/static-files/f99eeba4-d476-4fe3-a115-b8ee1179f41c,SR,2016,74f81b8f-6a49-4d87-bf9e-b95ec956059e,0,NA
d7521a0a-5cba-4b6f-8678-11913aedadb6,Tenaris Sustainability Report 2018,https://ir.tenaris.com/static-files/e2b03500-5801-4219-9a57-04e0b9e441bd,SR,2018,74f81b8f-6a49-4d87-bf9e-b95ec956059e,0,NA
3fe7b162-b1b8-46b5-b12b-3e2e28031a5a,Tenaris Sustainability Report 2019,https://ir.tenaris.com/static-files/ea78ba6c-dacd-4172-b380-b2f58a3ef245,SR,2019,74f81b8f-6a49-4d87-bf9e-b95ec956059e,0,NA
b1fd8eed-48f7-4123-8701-f8a93920d3d6,Tryg Annual Report 2022,https://www.tryg.com/sites/tryg.com/files/2023-03/TRYG_AR2022_1.pdf,AR,2022,3dfdca9f-c1f1-4fb2-92ff-f5347670b840,0,NA
a30d1cbc-38b3-4754-a4f8-2a185957260e,bp Sustainability Report 2010,https://www.bp.com/content/dam/bp/business-sites/en/global/corporate/pdfs/sustainability/archive/archived-reports-and-translations/2010/bp_sustainability_review_2010.pdf,SR,2010,091062be-33d0-418e-83d2-96e235bdd898,0,NA
1b40ab08-412b-4d72-98b3-8623adef75a4,bp Sustainability Report 2011,https://www.bp.com/content/dam/bp/business-sites/en/global/corporate/pdfs/investors/bp-annual-report-and-form-20f-2011.pdf,SR,2011,091062be-33d0-418e-83d2-96e235bdd898,0,NA
76d0ab35-53a4-4242-9d82-9f1dd8293ff2,bp Sustainability Report 2011,https://www.bp.com/content/dam/bp/business-sites/en/global/corporate/pdfs/sustainability/archive/archived-reports-and-translations/2011/bp_sustainability_review_2011.pdf,SR,2011,091062be-33d0-418e-83d2-96e235bdd898,0,NA
11718ffc-8bb5-42fd-a76b-826d74637f4c,bp Sustainability Report 2012,https://www.bp.com/content/dam/bp/business-sites/en/global/corporate/pdfs/sustainability/archive/archived-reports-and-translations/2012/bp-sustainability-review-2012.pdf,SR,2012,091062be-33d0-418e-83d2-96e235bdd898,0,NA
1983c4f9-d372-4cb3-9697-7f7bf34f9b7b,bp Sustainability Report 2012,https://www.bp.com/content/dam/bp/business-sites/en/global/corporate/pdfs/investors/bp-annual-report-and-form-20f-2012.pdf,SR,2012,091062be-33d0-418e-83d2-96e235bdd898,0,NA
79a36bfd-1dfe-48f5-962d-4b7318a3e7f7,bp Sustainability Report 2013,https://www.bp.com/content/dam/bp/business-sites/en/global/corporate/pdfs/sustainability/archive/archived-reports-and-translations/2013/bp-sustainability-review-2013.pdf,SR,2013,091062be-33d0-418e-83d2-96e235bdd898,0,NA
12acb53b-5410-4f80-8777-b9b083a11181,bp Sustainability Report 2014,https://www.bp.com/content/dam/bp/business-sites/en/global/corporate/pdfs/sustainability/archive/archived-reports-and-translations/2014/sustainability-report-2014.pdf,SR,2014,091062be-33d0-418e-83d2-96e235bdd898,0,NA
0b72bf56-95a4-43e2-9b48-2fcf9d7f4baa,bp Sustainability Report 2015,https://www.bp.com/content/dam/bp/business-sites/en/global/corporate/pdfs/investors/bp-annual-report-and-form-20f-2015.pdf,SR,2015,091062be-33d0-418e-83d2-96e235bdd898,0,NA
86a9e1ba-30eb-4920-87ef-2e631f4e5a7a,bp Sustainability Report 2015,https://www.bp.com/content/dam/bp/business-sites/en/global/corporate/pdfs/sustainability/archive/archived-reports-and-translations/2015/bp-sustainability-report-2015.pdf,SR,2015,091062be-33d0-418e-83d2-96e235bdd898,0,NA
9838d5ae-3d7b-48b9-969c-4d6bd3cc3987,bp Sustainability Report 2016,https://www.bp.com/content/dam/bp/business-sites/en/global/corporate/pdfs/investors/bp-annual-report-and-form-20f-2016.pdf,IR,2016,091062be-33d0-418e-83d2-96e235bdd898,0,NA
53d31323-db63-40c0-94b3-f9b021450b3a,bp Sustainability Report 2017,https://www.bp.com/content/dam/bp/business-sites/en/global/corporate/pdfs/investors/bp-annual-report-and-form-20f-2017.pdf,SR,2017,091062be-33d0-418e-83d2-96e235bdd898,0,NA
1bb98144-0eb9-4e37-ba93-816d6b1a93d3,bp Sustainability Report 2017,https://www.bp.com/content/dam/bp/business-sites/en/global/corporate/pdfs/sustainability/group-reports/bp-sustainability-report-2017.pdf,SR,2017,091062be-33d0-418e-83d2-96e235bdd898,0,NA
0cbc348e-e5a8-4717-91ad-8691480da02c,bp Sustainability Report 2018,https://www.bp.com/content/dam/bp/business-sites/en/global/corporate/pdfs/investors/bp-annual-report-and-form-20f-2018.pdf,SR,2018,091062be-33d0-418e-83d2-96e235bdd898,0,NA
08f90e85-e43b-4df7-a8b2-3537fc09ef96,bp Sustainability Report 2019,https://www.bp.com/content/dam/bp/business-sites/en/global/corporate/pdfs/investors/bp-annual-report-and-form-20f-2019.pdf,SR,2019,091062be-33d0-418e-83d2-96e235bdd898,0,NA
17876e20-6caf-4e2c-95f5-bb2f1599a132,bp Sustainability Report 2019,https://www.bp.com/content/dam/bp/business-sites/en/global/corporate/pdfs/sustainability/group-reports/bp-sustainability-report-2019.pdf,SR,2019,091062be-33d0-418e-83d2-96e235bdd898,0,NA
147862a2-e42b-4e9d-94a5-ca330175b6e9,bp Sustainability Report 2020,https://www.bp.com/content/dam/bp/business-sites/en/global/corporate/pdfs/sustainability/group-reports/bp-sustainability-report-2020.pdf,SR,2020,091062be-33d0-418e-83d2-96e235bdd898,0,NA
31cb728c-b394-4600-8956-06018a518f54,electolux sustainability report eng 2022,https://www.electroluxgroup.com/wp-content/uploads/sites/2/2023/03/sustainability-report-2022.pdf,SR,2022,fa1f8fee-2fec-446d-a753-530473c28a24,0,NA
